,from,to,gender
1,Joseph North,John Mercado,female
4,Joseph North,Michael Stewart,female
5,Leon Sanchez,Michael Parker,male
7,Michael Stewart,Ahmed Peterson,male
9,Donald Williams,Ahmed Peterson,male
11,Kevin Schuster,John Sisto,female
13,Gaston Brown,Leon Sanchez,female
14,Donald Williams,Frederick Mccarthy,male
16,John Sisto,Percy Shaw,male
17,John Sisto,Percy Shaw,male
20,John Borek,William Snider,female
23,Gaston Brown,Michael Parker,female
25,Joseph North,John Borek,female
26,Thomas Mchenry,Dennis Hamrick,male
29,John Borek,Joseph North,female
30,Leon Sanchez,Francisco Tims,male
33,Michael Stewart,Leon Sanchez,male
35,Thomas Mchenry,Darius Santiago,male
37,Michael Stewart,John Mercado,male
38,John Borek,Leigh Dixon,female
39,Ahmed Peterson,Timothy Davis,female
40,Gaston Brown,Allen French,female
43,Thomas Mchenry,Terry Tarkington,male
44,Leon Sanchez,Thomas Mchenry,male
48,Joseph North,John Sisto,female
49,Gaston Brown,Francis Anderson,female
52,Donald Williams,Michael Wild,male
61,Joseph North,Terry Tarkington,female
62,Ahmed Peterson,Michael Wild,female
63,Kevin Schuster,Leon Sanchez,female
65,Michael Stewart,William Snider,male
66,Thomas Mchenry,Courtney Morgan,male
68,Thomas Mchenry,Timothy Shores,male
74,John Sisto,John Mercado,male
77,John Sisto,Michael Stewart,male
80,John Sisto,Todd Rviz,male
85,Kevin Schuster,Paul Keller,female
88,Donald Williams,Francis Anderson,male
89,Leon Sanchez,Timothy Davis,male
90,John Borek,Paul Keller,female
92,Gaston Brown,Timothy Shores,female
93,John Borek,Dominic Houser,female
95,John Sisto,Todd Rviz,male
96,Gaston Brown,Percy Shaw,female
97,Ahmed Peterson,Courtney Morgan,female
98,Kevin Schuster,Todd Rviz,female
99,Gaston Brown,Michael Parker,female
